<?xml version="1.0" encoding="UTF-8"?>
<project-private xmlns="http://www.netbeans.org/ns/project-private/1">
    <editor-bookmarks xmlns="http://www.netbeans.org/ns/editor-bookmarks/2" lastBookmarkId="0"/>
    <open-files xmlns="http://www.netbeans.org/ns/projectui-open-files/2">
        <group>
            <file>file:/D:/BCC/Terceiro%20período/Teoria%20de%20Grafos/BLbc/src/blbc/Grafo.java</file>
            <file>file:/D:/BCC/Terceiro%20período/Teoria%20de%20Grafos/BLbc/src/blbc/BLbc.java</file>
            <file>file:/D:/BCC/Terceiro%20período/Teoria%20de%20Grafos/BLbc/src/blbc/Interface.java</file>
        </group>
    </open-files>
</project-private>
